Workbook

Sheet Pattern Library
A1: PA File/Data Filtering — Pattern Library
A2: CVS Health CCD Platform Information Security — Skyhigh-to-PA Migration | DLP Pattern Library
A4: Pattern Name | B4: Category | C4: Description | D4: File Type | E4: Regex - No Separators | F4: Regex - With Separators | G4: Separator Format Note | H4: Profile Type Required | I4: Enforcement Readiness | J4: Notes / Confidence | K4: Comments
A5: SSN | B5: Government ID | C5: Standard 9-digit US Social Security Number. | D5: Any | E5: \b\d{9}\b | F5: \b\d{3}-\d{2}-\d{4}\b | G5: Standard XXX-XX-XXXX | H5: Classic Data Filtering | I5: Built — Alert-only (one profile currently attached to a security policy rule) | J5: Already in production as Alert-only. Not yet promoted to Block.
A6: PCI (Card Data) | B6: Payment Data | C6: Primary Account Number (PAN) pattern for major card brands. | D6: Any | E6: \b(?:4\d{12}(?:\d{3})?|5[1-5]\d{14}|3[47]\d{13}|6(?:011|5\d{2})\d{12})\b | F6: \b(?:4\d{3}[- ]?\d{4}[- ]?\d{4}(?:[- ]?\d{3})?|5[1-5]\d{2}[- ]?\d{4}[- ]?\d{4}[- ]?\d{4}|3[47]\d{2}[- ]?\d{6}[- ]?\d{5}|6(?:011|5\d{2})[- ]?\d{4}[- ]?\d{4}[- ]?\d{4})\b | G6: Dash/space-delimited card groupings by brand | H6: Classic Data Filtering | I6: Built — Not wired to any security policy rule | J6: Existing build per prior DLP inventory. No Luhn check in this profile type — expect some false positives on random 15/16-digit numbers. | K6: Recommended to include these Proximity Keyword to be in parity with zscaler: American Express, Amex, Master Card, Visa, CVV Code, CVV Number, CVC Code, CVC Number, Select Card Type, Discover, Diners Club, JCB, Pay with checking account, Pay check money order, Credit Card Number, Card holder Name, Expiration Date, UnionPay, Yínlián, 银联, 中国银联, Zhōngguó Yínlián, debit card number, debit card, debit card no., maestro
A7: Driver's License - US | B7: Government ID | C7: US state driver's license number formats (built from corrected reference set). | D7: Any | E7: (see dedicated DL pattern CSV — state-specific formats) | F7: (see dedicated DL pattern CSV — state-specific formats) | G7: Varies by state | H7: Classic Data Filtering | I7: Built — Not wired to any security policy rule | J7: Full corrected pattern set lives in separate PAN-OS-ready CSV; reference here for coverage matrix tracking only. | K7: May not be required.
A8: Member ID | B8: Health Plan ID | C8: CVS/Aetna health plan member identifier, required for Skyhigh parity. | D8: Any | E8: (see existing Member ID data pattern object) | F8: (see existing Member ID data pattern object) | G8: Per existing Skyhigh pattern definition | H8: Classic Data Filtering | I8: Built — Not wired to any security policy rule | J8: Carried over from Skyhigh parity requirement; regex not redefined in this workstream. | K8: NA
A9: MBI (Medicare Beneficiary Identifier) | B9: CMS Identifier | C9: 11-character CMS Medicare Beneficiary Identifier, post-2018 SSNRI format. | D9: Any | E9: \b[1-9][ACDEFGHJKMNPQRTUVWXY][ACDEFGHJKMNPQRTUVWXY0-9][0-9][ACDEFGHJKMNPQRTUVWXY][ACDEFGHJKMNPQRTUVWXY0-9][0-9]{2}[ACDEFGHJKMNPQRTUVWXY]{2}[0-9]\b | F9: \b[1-9][ACDEFGHJKMNPQRTUVWXY][ACDEFGHJKMNPQRTUVWXY0-9][0-9]-[ACDEFGHJKMNPQRTUVWXY][ACDEFGHJKMNPQRTUVWXY0-9][0-9]{2}-[ACDEFGHJKMNPQRTUVWXY]{2}[0-9]\b | G9: 4-3-4 hyphenated (e.g., 1EG4-TE5-MK73) | H9: Classic Data Filtering | I9: New — Ready for Block on introduction | J9: High precision standalone. Fixed excluded-letter alphabet (no B/I/L/O/S/Z) + strict positional structure. No proximity keyword needed or available in this profile type. | K9: Recommended to include these Proximity Keyword to be in parity with zscaler: "mbi" "mbi#" "medicare beneficiary #" "medicare beneficiary identifier" "medicare beneficiary no" "medicare beneficiary number" "medicare beneficiary#"
A10: SSN - Masked/Partially Redacted | B10: Government ID (Partial) | C10: SSN with first 5 digits masked, last 4 exposed (e.g., XXX-XX-1234). | D10: Any | E10: \b[Xx\*#]{5}\d{4}\b | F10: \b[Xx\*#]{3}[-\s][Xx\*#]{2}[-\s]\d{4}\b | G10: Mask chars (X/*/#) in place of first 5 digits, dash/space optional | H10: Classic Data Filtering | I10: New — Ready for Alert; promote to Block after burn-in | J10: Masked forms are distinctive enough standalone. Do NOT add a bare last-4-digit variant with no mask characters — indistinguishable from zip+4/phone tails in this profile type. | K10: Recommended to include these Proximity Keyword to be in parity with zscaler. " ssn " "SSNS" "Soc Sec" "Social Security" social security number
A11: HICN (Legacy) | B11: CMS Identifier | C11: Pre-2019 CMS Medicare identifier: 9-digit SSN base + Beneficiary Identification Code (BIC) suffix. | D11: Any | E11: \b\d{9}(?:A|B9|B[1-9]|B[A-Z]|C[1-9]|C[A-E]|D[1-6]|D|E[1-5]|E|F[1-6]|H[ABC]|J[1-4]|M1|M|T[A-E]|T|W[A-D]|W)\b | F11: \b\d{3}[- ]?\d{2}[- ]?\d{4}[- ]?(?:A|B9|B[1-9]|B[A-Z]|C[1-9]|C[A-E]|D[1-6]|D|E[1-5]|E|F[1-6]|H[ABC]|J[1-4]|M1|M|T[A-E]|T|W[A-D]|W)\b | G11: SSN-style (XXX-XX-XXXX) with trailing BIC suffix | H11: Classic Data Filtering | I11: New — Alert-only until validated against a labeled sample | J11: Regex tightened to CMS's documented finite BIC suffix set (not any 1-2 letters) to reduce SSN collision. Classic Data Filtering has no keyword gate, so this tightening is the only available precision lever. Not zero-collision — do not Block until validated. | K11: Recommended to include these Proximity Keyword to be in parity with zscaler. "Medicare HIC" "Medicare HICN" " HIC " "HICN " "Health Insurance Claim Number" "HIC Number" "Medicare Health Insurance Claim Number" "Medicare HIC Number" "hic#" "hicn#" "hicno#"
A12: Azure Access Key Credential | B12: Data Pattern need to be created | K12: This is present in Zscaler in this disctionary - _PRD_Creds_Azure Access Key (Regex can be taken from here)
A13: Passwords | B13: Data Pattern need to be created | K13: This below regex is being used in this policy CVS Health Password Policy in Microsoft Purview- (?=[^ \n]*[A-Z]+)(?=[^ \n]*[a-z]+)(?=[^ \n]*[^A-Za-z0-9 \n]+)(?=[^ \n]*[0-9]+)\b[^ \n]{8,20}\n Proximity Keyword - password credentials pwd psswd passw kennwort passwort schlüssel secret passphrase Contraseña Contrasena passe code d'accès clave 密码 [密碼] mìmǎ про́пуск шифр код haslo código senha palavra-passe
A16: Missing Item for File Blocking Profile : File_Blocking_Best_Practice_SP | B16: Comments
A17: OST Files | B17: This should be included in the file blocking profile.
A18: Database File types | B18: This should be included in the file blocking profile.
A19: Keychain | B19: This should be included in the file blocking profile.

Sheet Coverage Matrix
A1: PA File/Data Filtering — Enforcement Coverage Matrix
A2: Pattern x Device Group/Scope | Status: Block / Alert / TBD / N/A
A4: Pattern Name | B4: Device Group / Scope | C4: Status | D4: Basis for Status / Notes
A5: SSN | B5: CVS Panorama (Centrally Managed) | C5: Alert | D5: Only DLP profile currently attached to a security policy rule; alert-only per existing build.
A6: SSN | B6: Aetna Panorama Device Groups (Decentralized) | C6: N/A | D6: Aetna decrypt disabled — no cleartext payload to inspect regardless of pattern.
A7: SSN | B7: Retail SD-WAN (approx. 10,950 sites) | C7: N/A | D7: No Threat Prevention/Data Filtering platform in path.
A8: PCI (Card Data) | B8: CVS Panorama (Centrally Managed) | C8: TBD | D8: Pattern built, not wired to any security policy rule.
A9: PCI (Card Data) | B9: Aetna Panorama Device Groups (Decentralized) | C9: N/A | D9: Aetna decrypt disabled — blocked upstream.
A10: PCI (Card Data) | B10: Retail SD-WAN (approx. 10,950 sites) | C10: N/A | D10: No platform in path.
A11: Driver's License - US | B11: CVS Panorama (Centrally Managed) | C11: TBD | D11: Corrected regex set built (PAN-OS-ready CSV), not wired to a security policy rule.
A12: Driver's License - US | B12: Aetna Panorama Device Groups (Decentralized) | C12: N/A | D12: Aetna decrypt disabled — blocked upstream.
A13: Driver's License - US | B13: Retail SD-WAN (approx. 10,950 sites) | C13: N/A | D13: No platform in path.
A14: Member ID | B14: CVS Panorama (Centrally Managed) | C14: TBD | D14: Pattern built for Skyhigh parity, not wired to a security policy rule.
A15: Member ID | B15: Aetna Panorama Device Groups (Decentralized) | C15: N/A | D15: Aetna decrypt disabled — blocked upstream.
... A25: HICN (Legacy) | B25: Retail SD-WAN (approx. 10,950 sites) | C25: N/A | D25: No platform in path.

Sheet Summary Rollup
A1: PA File/Data Filtering — Summary Rollup
A2: Live COUNTIFS rollups against Coverage Matrix — updates automatically if matrix changes
A4: By Pattern
A5: Pattern Name | B5: Block | C5: Alert | D5: TBD | E5: N/A | F5: Total
A6: SSN | B6: =COUNTIFS('Coverage Matrix'!$A$5:$A$25,$A6,'Coverage Matrix'!$C$5:$C$25,"Block") -> 0 | C6: =COUNTIFS('Coverage Matrix'!$A$5:$A$25,$A6,'Coverage Matrix'!$C$5:$C$25,"Alert") -> 1 | D6: =COUNTIFS('Coverage Matrix'!$A$5:$A$25,$A6,'Coverage Matrix'!$C$5:$C$25,"TBD") -> 0 | E6: =COUNTIFS('Coverage Matrix'!$A$5:$A$25,$A6,'Coverage Matrix'!$C$5:$C$25,"N/A") -> 2 | F6: =SUM(B6:E6) -> 3
A7: PCI (Card Data) | B7: =COUNTIFS('Coverage Matrix'!$A$5:$A$25,$A7,'Coverage Matrix'!$C$5:$C$25,"Block") -> 0 | C7: =COUNTIFS('Coverage Matrix'!$A$5:$A$25,$A7,'Coverage Matrix'!$C$5:$C$25,"Alert") -> 0 | D7: =COUNTIFS('Coverage Matrix'!$A$5:$A$25,$A7,'Coverage Matrix'!$C$5:$C$25,"TBD") -> 1 | E7: =COUNTIFS('Coverage Matrix'!$A$5:$A$25,$A7,'Coverage Matrix'!$C$5:$C$25,"N/A") -> 2 | F7: =SUM(B7:E7) -> 3
A8: Driver's License - US | B8: =COUNTIFS('Coverage Matrix'!$A$5:$A$25,$A8,'Coverage Matrix'!$C$5:$C$25,"Block") -> 0 | C8: =COUNTIFS('Coverage Matrix'!$A$5:$A$25,$A8,'Coverage Matrix'!$C$5:$C$25,"Alert") -> 0 | D8: =COUNTIFS('Coverage Matrix'!$A$5:$A$25,$A8,'Coverage Matrix'!$C$5:$C$25,"TBD") -> 1 | E8: =COUNTIFS('Coverage Matrix'!$A$5:$A$25,$A8,'Coverage Matrix'!$C$5:$C$25,"N/A") -> 2 | F8: =SUM(B8:E8) -> 3
A9: Member ID | B9: =COUNTIFS('Coverage Matrix'!$A$5:$A$25,$A9,'Coverage Matrix'!$C$5:$C$25,"Block") -> 0 | C9: =COUNTIFS('Coverage Matrix'!$A$5:$A$25,$A9,'Coverage Matrix'!$C$5:$C$25,"Alert") -> 0 | D9: =COUNTIFS('Coverage Matrix'!$A$5:$A$25,$A9,'Coverage Matrix'!$C$5:$C$25,"TBD") -> 1 | E9: =COUNTIFS('Coverage Matrix'!$A$5:$A$25,$A9,'Coverage Matrix'!$C$5:$C$25,"N/A") -> 2 | F9: =SUM(B9:E9) -> 3
A10: MBI (Medicare Beneficiary Identifier) | B10: =COUNTIFS('Coverage Matrix'!$A$5:$A$25,$A10,'Coverage Matrix'!$C$5:$C$25,"Block") -> 0 | C10: =COUNTIFS('Coverage Matrix'!$A$5:$A$25,$A10,'Coverage Matrix'!$C$5:$C$25,"Alert") -> 0 | D10: =COUNTIFS('Coverage Matrix'!$A$5:$A$25,$A10,'Coverage Matrix'!$C$5:$C$25,"TBD") -> 1 | E10: =COUNTIFS('Coverage Matrix'!$A$5:$A$25,$A10,'Coverage Matrix'!$C$5:$C$25,"N/A") -> 2 | F10: =SUM(B10:E10) -> 3
A11: SSN - Masked/Partially Redacted | B11: =COUNTIFS('Coverage Matrix'!$A$5:$A$25,$A11,'Coverage Matrix'!$C$5:$C$25,"Block") -> 0 | C11: =COUNTIFS('Coverage Matrix'!$A$5:$A$25,$A11,'Coverage Matrix'!$C$5:$C$25,"Alert") -> 0 | D11: =COUNTIFS('Coverage Matrix'!$A$5:$A$25,$A11,'Coverage Matrix'!$C$5:$C$25,"TBD") -> 1 | E11: =COUNTIFS('Coverage Matrix'!$A$5:$A$25,$A11,'Coverage Matrix'!$C$5:$C$25,"N/A") -> 2 | F11: =SUM(B11:E11) -> 3
A12: HICN (Legacy) | B12: =COUNTIFS('Coverage Matrix'!$A$5:$A$25,$A12,'Coverage Matrix'!$C$5:$C$25,"Block") -> 0 | C12: =COUNTIFS('Coverage Matrix'!$A$5:$A$25,$A12,'Coverage Matrix'!$C$5:$C$25,"Alert") -> 0 | D12: =COUNTIFS('Coverage Matrix'!$A$5:$A$25,$A12,'Coverage Matrix'!$C$5:$C$25,"TBD") -> 1 | E12: =COUNTIFS('Coverage Matrix'!$A$5:$A$25,$A12,'Coverage Matrix'!$C$5:$C$25,"N/A") -> 2 | F12: =SUM(B12:E12) -> 3
A14: By Device Group / Scope
A15: Device Group / Scope | B15: Block | C15: Alert | D15: TBD | E15: N/A | F15: Total
A16: CVS Panorama (Centrally Managed) | B16: =COUNTIFS('Coverage Matrix'!$B$5:$B$25,$A16,'Coverage Matrix'!$C$5:$C$25,"Block") -> 0 | C16: =COUNTIFS('Coverage Matrix'!$B$5:$B$25,$A16,'Coverage Matrix'!$C$5:$C$25,"Alert") -> 1 | D16: =COUNTIFS('Coverage Matrix'!$B$5:$B$25,$A16,'Coverage Matrix'!$C$5:$C$25,"TBD") -> 6 | E16: =COUNTIFS('Coverage Matrix'!$B$5:$B$25,$A16,'Coverage Matrix'!$C$5:$C$25,"N/A") -> 0 | F16: =SUM(B16:E16) -> 7
A17: Aetna Panorama Device Groups (Decentralized) | B17: =COUNTIFS('Coverage Matrix'!$B$5:$B$25,$A17,'Coverage Matrix'!$C$5:$C$25,"Block") -> 0 | C17: =COUNTIFS('Coverage Matrix'!$B$5:$B$25,$A17,'Coverage Matrix'!$C$5:$C$25,"Alert") -> 0 | D17: =COUNTIFS('Coverage Matrix'!$B$5:$B$25,$A17,'Coverage Matrix'!$C$5:$C$25,"TBD") -> 0 | E17: =COUNTIFS('Coverage Matrix'!$B$5:$B$25,$A17,'Coverage Matrix'!$C$5:$C$25,"N/A") -> 7 | F17: =SUM(B17:E17) -> 7
A18: Retail SD-WAN (approx. 10,950 sites) | B18: =COUNTIFS('Coverage Matrix'!$B$5:$B$25,$A18,'Coverage Matrix'!$C$5:$C$25,"Block") -> 0 | C18: =COUNTIFS('Coverage Matrix'!$B$5:$B$25,$A18,'Coverage Matrix'!$C$5:$C$25,"Alert") -> 0 | D18: =COUNTIFS('Coverage Matrix'!$B$5:$B$25,$A18,'Coverage Matrix'!$C$5:$C$25,"TBD") -> 0 | E18: =COUNTIFS('Coverage Matrix'!$B$5:$B$25,$A18,'Coverage Matrix'!$C$5:$C$25,"N/A") -> 7 | F18: =SUM(B18:E18) -> 7
A20: Grand Total | B20: =COUNTIF('Coverage Matrix'!$C$5:$C$25,"Block") -> 0 | C20: =COUNTIF('Coverage Matrix'!$C$5:$C$25,"Alert") -> 1 | D20: =COUNTIF('Coverage Matrix'!$C$5:$C$25,"TBD") -> 6 | E20: =COUNTIF('Coverage Matrix'!$C$5:$C$25,"N/A") -> 14 | F20: =SUM(B20:E20) -> 21
